Edition,Rank,Country,Country Group,Gold,Silver,Bronze,Total
1896,1,United States,United States,11,7,2,20
1896,2,Greece,Greece,10,17,19,46
1896,3,Germany,Germany,6,5,2,13
1896,4,France,France,5,4,2,11
1896,5,Great Britain,Great Britain,2,3,2,7
1896,6,Hungary,Hungary,2,1,3,6
1896,7,Austria,Austria,2,1,2,5
1896,8,Australia,Australia,2,,,2
1896,9,Denmark,Denmark,1,2,3,6
1896,10,Switzerland,Switzerland,1,2,,3
1896,11,Mixed team,Mixed team,1,1,1,3
1900,1,France,France,26,41,34,101
1900,2,United States,United States,19,14,14,47
1900,3,Great Britain,Great Britain,15,6,9,30
1900,4,Mixed team,Mixed team,6,3,3,12
1900,5,Switzerland,Switzerland,6,2,1,9
1900,6,Belgium,Belgium,5,5,5,15
1900,7,Germany,Germany,4,2,2,8
1900,8,Italy,Italy,2,2,,4
1900,9,Australia,Australia,2,,3,5
1900,10,Denmark,Denmark,1,3,2,6
1900,11,Hungary,Hungary,1,2,2,5
1900,12,Cuba,Cuba,1,1,,2
1900,13,Canada,Canada,1,,1,2
1900,14,Spain,Spain,1,,,1
1900,15,Austria,Austria,,3,3,6
1900,16,Norway,Norway,,2,3,5
1900,17,India,India,,2,,2
1900,18,Netherlands,Netherlands,,1,3,4
1900,19,Bohemia,Czech Republic,,1,1,2
1900,20,Mexico,Mexico,,,1,1
1904,1,United States,United States,78,82,79,239
1904,2,Germany,Germany,4,4,5,13
1904,3,Cuba,Cuba,4,2,3,9
1904,4,Canada,Canada,4,1,1,6
1904,5,Hungary,Hungary,2,1,1,4
1904,6,Great Britain,Great Britain,1,1,,2
1904,8,Greece,Greece,1,,1,2
1904,10,Austria,Austria,,,1,1
1908,1,Great Britain,Great Britain,56,51,39,146
1908,2,United States,United States,23,12,12,47
1908,3,Sweden,Sweden,8,6,11,25
1908,4,France,France,5,5,9,19
1908,5,Germany,Germany,3,5,5,13
1908,6,Hungary,Hungary,3,4,2,9
1908,7,Canada,Canada,3,3,10,16
1908,8,Norway,Norway,2,3,3,8
1908,9,Italy,Italy,2,2,,4
1908,10,Belgium,Belgium,1,5,2,8
1908,11,Australasia,Australasia,1,2,2,5
1908,12,Russian Empire,Russia,1,2,,3
1908,13,Finland,Finland,1,1,3,5
1908,14,South Africa,South Africa,1,1,,2
1908,15,Greece,Greece,,3,1,4
1908,16,Denmark,Denmark,,2,3,5
1908,17,Bohemia,Czech Republic,,,2,2
1908,19,Austria,Austria,,,1,1
1912,1,United States,United States,25,19,19,63
1912,2,Sweden,Sweden,24,24,17,65
1912,3,Great Britain,Great Britain,10,15,16,41
1912,4,Finland,Finland,9,8,9,26
1912,5,France,France,7,4,3,14
1912,6,Germany,Germany,5,13,7,25
1912,7,South Africa,South Africa,4,2,,6
1912,8,Norway,Norway,4,1,4,9
1912,9,Canada,Canada,3,2,3,8
1912,11,Italy,Italy,3,1,2,6
1912,12,Australasia,Australasia,2,2,3,7
1912,13,Belgium,Belgium,2,1,3,6
1912,14,Denmark,Denmark,1,6,5,12
1912,15,Greece,Greece,1,,1,2
1912,16,Russian Empire,Russia,,2,3,5
1912,17,Austria,Austria,,2,2,4
1912,18,Netherlands,Netherlands,,,3,3
1920,1,United States,United States,41,27,27,95
1920,2,Sweden,Sweden,19,20,25,64
1920,3,Great Britain,Great Britain,15,15,13,43
1920,4,Finland,Finland,15,10,9,34
1920,5,Belgium,Belgium,14,11,11,36
1920,6,Norway,Norway,13,9,9,31
1920,7,Italy,Italy,13,5,5,23
1920,8,France,France,9,19,13,41
1920,9,Netherlands,Netherlands,4,2,5,11
1920,10,Denmark,Denmark,3,9,1,13
1920,11,South Africa,South Africa,3,4,3,10
1920,12,Canada,Canada,3,3,3,9
1920,13,Switzerland,Switzerland,2,2,7,11
1920,14,Estonia,Estonia,1,2,,3
1920,15,Brazil,Brazil,1,1,1,3
1920,16,Australia,Australia,,2,1,3
1920,17,Japan,Japan,,2,,2
1920,17,Spain,Spain,,2,,2
1920,19,Greece,Greece,,1,,1
1920,19,Luxembourg,Luxembourg,,1,,1
1920,21,Czechoslovakia,Czech Republic,,,2,2
1920,22,New Zealand,New Zealand,,,1,1
1924,1,United States,United States,45,27,27,99
1924,2,Finland,Finland,14,13,10,37
1924,3,France,France,13,15,10,38
1924,4,Great Britain,Great Britain,9,13,12,34
1924,5,Italy,Italy,8,3,5,16
1924,6,Switzerland,Switzerland,7,8,10,25
1924,7,Norway,Norway,5,2,3,10
1924,8,Sweden,Sweden,4,13,12,29
1924,9,Netherlands,Netherlands,4,1,5,10
1924,10,Belgium,Belgium,3,7,3,13
1924,11,Australia,Australia,3,1,2,6
1924,12,Denmark,Denmark,2,5,2,9
1924,13,Hungary,Hungary,2,3,4,9
1924,14,Yugoslavia,Serbia,2,,,2
1924,15,Czechoslovakia,Czech Republic,1,4,5,10
1924,16,Argentina,Argentina,1,3,2,6
1924,17,Estonia,Estonia,1,1,4,6
1924,18,South Africa,South Africa,1,1,1,3
1924,19,Uruguay,Uruguay,1,,,1
1924,20,Austria,Austria,,3,1,4
1924,22,Poland,Poland,,1,1,2
1924,23,Haiti,Haiti,,,1,1
1928,1,United States,United States,22,18,16,56
1928,2,Germany,Germany,10,7,14,31
1928,3,Finland,Finland,8,8,9,25
1928,4,Sweden,Sweden,7,6,12,25
1928,5,Italy,Italy,7,5,7,19
1928,6,Switzerland,Switzerland,7,4,4,15
1928,7,France,France,6,10,5,21
1928,8,Netherlands,Netherlands,6,9,4,19
1928,9,Hungary,Hungary,4,5,,9
1928,10,Canada,Canada,4,4,7,15
1928,11,Great Britain,Great Britain,3,10,7,20
1928,12,Argentina,Argentina,3,3,1,7
1928,13,Denmark,Denmark,3,1,2,6
1928,14,Czechoslovakia,Czech Republic,2,5,2,9
1928,15,Japan,Japan,2,2,1,5
1928,16,Estonia,Estonia,2,1,2,5
1928,17,Egypt,Egypt,2,1,1,4
1928,18,Austria,Austria,2,,1,3
1928,19,Australia,Australia,1,2,1,4
1928,21,Poland,Poland,1,1,3,5
1928,23,South Africa,South Africa,1,,2,3
1928,24,India,India,1,,,1
1928,29,Belgium,Belgium,,1,2,3
1928,30,Chile,Chile,,1,,1
1928,32,Philippines,Philippines,,,1,1
1932,1,United States,United States,41,32,30,103
1932,2,Italy,Italy,12,12,12,36
1932,3,France,France,10,5,4,19
1932,4,Sweden,Sweden,9,5,9,23
1932,5,Japan,Japan,7,7,4,18
1932,6,Hungary,Hungary,6,4,5,15
1932,7,Finland,Finland,5,8,12,25
1932,8,Great Britain,Great Britain,4,7,5,16
1932,9,Germany,Germany,3,12,5,20
1932,10,Australia,Australia,3,1,1,5
1932,11,Argentina,Argentina,3,1,,4
1932,12,Canada,Canada,2,5,8,15
1932,13,Netherlands,Netherlands,2,5,,7
1932,14,Poland,Poland,2,1,4,7
1932,15,South Africa,South Africa,2,,3,5
1932,16,Ireland,Ireland,2,,,2
1932,17,Czechoslovakia,Czech Republic,1,2,1,4
1932,18,Austria,Austria,1,1,3,5
1932,19,India,India,1,,,1
1932,20,Denmark,Denmark,,3,3,6
1932,21,Mexico,Mexico,,2,,2
1932,22,Latvia,Latvia,,1,,1
1932,25,Philippines,Philippines,,,3,3
1932,26,Spain,Spain,,,1,1
1936,1,Germany,Germany,33,26,30,89
1936,2,United States,United States,24,20,12,56
1936,3,Hungary,Hungary,10,1,5,16
1936,4,Italy,Italy,8,9,5,22
1936,5,Finland,Finland,7,6,6,19
1936,5,France,France,7,6,6,19
1936,7,Sweden,Sweden,6,5,9,20
1936,8,Japan,Japan,6,4,8,18
1936,9,Netherlands,Netherlands,6,4,7,17
1936,10,Great Britain,Great Britain,4,7,3,14
1936,11,Austria,Austria,4,6,3,13
1936,12,Czechoslovakia,Czech Republic,3,5,,8
1936,13,Argentina,Argentina,2,2,3,7
1936,13,Estonia,Estonia,2,2,3,7
1936,15,Egypt,Egypt,2,1,2,5
1936,16,Switzerland,Switzerland,1,9,5,15
1936,17,Canada,Canada,1,3,5,9
1936,18,Norway,Norway,1,3,2,6
1936,19,Turkey,Turkey,1,,1,2
1936,20,India,India,1,,,1
1936,20,New Zealand,New Zealand,1,,,1
1936,22,Poland,Poland,,3,3,6
1936,23,Denmark,Denmark,,2,3,5
1936,24,Latvia,Latvia,,1,1,2
1936,25,Romania,Romania,,1,,1
1936,25,South Africa,South Africa,,1,,1
1936,25,Yugoslavia,Serbia,,1,,1
1936,28,Mexico,Mexico,,,3,3
1936,29,Belgium,Belgium,,,2,2
1936,30,Australia,Australia,,,1,1
1936,30,Philippines,Philippines,,,1,1
1936,30,Portugal,Portugal,,,1,1
1948,1,United States,United States,38,27,19,84
1948,2,Sweden,Sweden,16,11,17,44
1948,3,France,France,10,6,13,29
1948,4,Hungary,Hungary,10,5,12,27
1948,5,Italy,Italy,8,11,8,27
1948,6,Finland,Finland,8,7,5,20
1948,7,Turkey,Turkey,6,4,2,12
1948,8,Czechoslovakia,Czech Republic,6,2,3,11
1948,9,Switzerland,Switzerland,5,10,5,20
1948,10,Denmark,Denmark,5,7,8,20
1948,11,Netherlands,Netherlands,5,2,9,16
1948,12,Great Britain,Great Britain,3,14,6,23
1948,13,Argentina,Argentina,3,3,1,7
1948,14,Australia,Australia,2,6,5,13
1948,15,Belgium,Belgium,2,2,3,7
1948,16,Egypt,Egypt,2,2,1,5
1948,17,Mexico,Mexico,2,1,2,5
1948,18,South Africa,South Africa,2,1,1,4
1948,19,Norway,Norway,1,3,3,7
1948,20,Jamaica,Jamaica,1,2,,3
1948,21,Austria,Austria,1,,3,4
1948,22,India,India,1,,,1
1948,24,Yugoslavia,Serbia,,2,,2
1948,25,Canada,Canada,,1,2,3
1948,26,Portugal,Portugal,,1,1,2
1948,28,Ceylon,Sri Lanka,,1,,1
1948,32,South Korea,South Korea,,,2,2
1948,34,Brazil,Brazil,,,1,1
1952,1,United States,United States,40,19,17,76
1952,2,Soviet Union,Russia,22,30,19,71
1952,3,Hungary,Hungary,16,10,16,42
1952,4,Sweden,Sweden,12,13,10,35
1952,5,Italy,Italy,8,9,4,21
1952,6,Czechoslovakia,Czech Republic,7,3,3,13
1952,7,France,France,6,6,6,18
1952,8,Finland,Finland,6,3,13,22
1952,9,Australia,Australia,6,2,3,11
1952,10,Norway,Norway,3,2,,5
1952,11,Switzerland,Switzerland,2,6,6,14
1952,12,South Africa,South Africa,2,4,4,10
1952,13,Jamaica,Jamaica,2,3,,5
1952,14,Belgium,Belgium,2,2,,4
1952,15,Denmark,Denmark,2,1,3,6
1952,16,Turkey,Turkey,2,,1,3
1952,17,Japan,Japan,1,6,2,9
1952,18,Great Britain,Great Britain,1,2,8,11
1952,19,Argentina,Argentina,1,2,2,5
1952,20,Poland,Poland,1,2,1,4
1952,21,Canada,Canada,1,2,,3
1952,23,Romania,Romania,1,1,2,4
1952,24,Brazil,Brazil,1,,2,3
1952,26,India,India,1,,1,2
1952,27,Luxembourg,Luxembourg,1,,,1
1952,28,Germany,Germany,,7,17,24
1952,29,Netherlands,Netherlands,,5,,5
1952,30,Iran,Iran,,3,4,7
1952,31,Chile,Chile,,2,,2
1952,32,Austria,Austria,,1,1,2
1952,34,Ireland,Ireland,,1,,1
1952,37,South Korea,South Korea,,,2,2
1952,40,Bulgaria,Bulgaria,,,1,1
1956,1,Soviet Union,Russia,37,29,32,98
1956,2,United States,United States,32,25,17,74
1956,3,Australia,Australia,13,8,14,35
1956,4,Hungary,Hungary,9,10,7,26
1956,5,Italy,Italy,8,8,9,25
1956,6,Sweden,Sweden,8,5,6,19
1956,7,Germany,Germany,6,13,7,26
1956,8,Great Britain,Great Britain,6,7,11,24
1956,9,Romania,Romania,5,3,5,13
1956,10,Japan,Japan,4,10,5,19
1956,11,France,France,4,4,6,14
1956,12,Turkey,Turkey,3,2,2,7
1956,13,Finland,Finland,3,1,11,15
1956,14,Iran,Iran,2,2,1,5
1956,15,Canada,Canada,2,1,3,6
1956,16,New Zealand,New Zealand,2,,,2
1956,17,Poland,Poland,1,4,4,9
1956,18,Czechoslovakia,Czech Republic,1,4,1,6
1956,19,Bulgaria,Bulgaria,1,3,1,5
1956,20,Denmark,Denmark,1,2,1,4
1956,21,Ireland,Ireland,1,1,3,5
1956,22,Norway,Norway,1,,2,3
1956,23,Mexico,Mexico,1,,1,2
1956,24,Brazil,Brazil,1,,,1
1956,26,Yugoslavia,Serbia,,3,,3
1956,27,Chile,Chile,,2,2,4
1956,28,Belgium,Belgium,,2,,2
1956,29,Argentina,Argentina,,1,1,2
1956,31,Iceland,Iceland,,1,,1
1956,33,South Africa,South Africa,,,4,4
1956,34,Austria,Austria,,,2,2
1956,35,Bahamas,Bahamas,,,1,1
1960,1,Soviet Union,Russia,43,29,31,103
1960,2,United States,United States,34,21,16,71
1960,3,Italy,Italy,13,10,13,36
1960,4,Germany,Germany,12,19,11,42
1960,5,Australia,Australia,8,8,6,22
1960,6,Turkey,Turkey,7,2,,9
1960,7,Hungary,Hungary,6,8,7,21
1960,8,Japan,Japan,4,7,7,18
1960,9,Poland,Poland,4,6,11,21
1960,10,Czechoslovakia,Czech Republic,3,2,3,8
1960,11,Romania,Romania,3,1,6,10
1960,12,Great Britain,Great Britain,2,6,12,20
1960,13,Denmark,Denmark,2,3,1,6
1960,14,New Zealand,New Zealand,2,,1,3
1960,15,Bulgaria,Bulgaria,1,3,3,7
1960,16,Sweden,Sweden,1,2,3,6
1960,17,Finland,Finland,1,1,3,5
1960,18,Austria,Austria,1,1,,2
1960,20,Pakistan,Pakistan,1,,1,2
1960,21,Ethiopia,Ethiopia,1,,,1
1960,24,Switzerland,Switzerland,,3,3,6
1960,25,France,France,,2,3,5
1960,26,Belgium,Belgium,,2,2,4
1960,27,Iran,Iran,,1,3,4
1960,28,Netherlands,Netherlands,,1,2,3
1960,30,Argentina,Argentina,,1,1,2
1960,32,Canada,Canada,,1,,1
1960,39,Brazil,Brazil,,,2,2
1960,41,Iraq,Iraq,,,1,1
1964,1,United States,United States,36,26,28,90
1964,2,Soviet Union,Russia,30,31,35,96
1964,3,Japan,Japan,16,5,8,29
1964,4,Germany,Germany,10,22,18,50
1964,5,Italy,Italy,10,10,7,27
1964,6,Hungary,Hungary,10,7,5,22
1964,7,Poland,Poland,7,6,10,23
1964,8,Australia,Australia,6,2,10,18
1964,9,Czechoslovakia,Czech Republic,5,6,3,14
1964,10,Great Britain,Great Britain,4,12,2,18
1964,11,Bulgaria,Bulgaria,3,5,2,10
1964,12,Finland,Finland,3,,2,5
1964,14,Romania,Romania,2,4,6,12
1964,15,Netherlands,Netherlands,2,4,4,10
1964,16,Turkey,Turkey,2,3,1,6
1964,17,Sweden,Sweden,2,2,4,8
1964,18,Denmark,Denmark,2,1,3,6
1964,19,Yugoslavia,Serbia,2,1,2,5
1964,20,Belgium,Belgium,2,,1,3
1964,21,France,France,1,8,6,15
1964,22,Canada,Canada,1,2,1,4
1964,24,Bahamas,Bahamas,1,,,1
1964,27,South Korea,South Korea,,2,1,3
1964,28,Trinidad and Tobago,Trinidad and Tobago,,1,2,3
1964,29,Tunisia,Tunisia,,1,1,2
1964,30,Argentina,Argentina,,1,,1
1964,34,Iran,Iran,,,2,2
1964,35,Brazil,Brazil,,,1,1
1968,1,United States,United States,45,28,34,107
1968,2,Soviet Union,Russia,29,32,30,91
1968,3,Japan,Japan,11,7,7,25
1968,4,Hungary,Hungary,10,10,12,32
1968,5,East Germany,Germany,9,9,7,25
1968,6,France,France,7,3,5,15
1968,7,Czechoslovakia,Czech Republic,7,2,4,13
1968,8,West Germany,Germany,5,11,10,26
1968,9,Australia,Australia,5,7,5,17
1968,10,Great Britain,Great Britain,5,5,3,13
1968,11,Poland,Poland,5,2,11,18
1968,12,Romania,Romania,4,6,5,15
1968,13,Italy,Italy,3,4,9,16
1968,14,Kenya,Kenya,3,4,2,9
1968,15,Mexico,Mexico,3,3,3,9
1968,16,Yugoslavia,Serbia,3,3,2,8
1968,17,Netherlands,Netherlands,3,3,1,7
1968,18,Bulgaria,Bulgaria,2,4,3,9
1968,19,Iran,Iran,2,1,2,5
1968,20,Sweden,Sweden,2,1,1,4
1968,21,Turkey,Turkey,2,,,2
1968,22,Denmark,Denmark,1,4,3,8
1968,23,Canada,Canada,1,3,1,5
1968,24,Finland,Finland,1,2,1,4
1968,25,Ethiopia,Ethiopia,1,1,,2
1968,27,New Zealand,New Zealand,1,,2,3
1968,28,Tunisia,Tunisia,1,,1,2
1968,29,Pakistan,Pakistan,1,,,1
1968,31,Cuba,Cuba,,4,,4
1968,32,Austria,Austria,,2,2,4
1968,33,Switzerland,Switzerland,,1,4,5
1968,34,Mongolia,Mongolia,,1,3,4
1968,35,Brazil,Brazil,,1,2,3
1968,36,Belgium,Belgium,,1,1,2
1968,39,Cameroon,Cameroon,,1,,1
1968,41,Argentina,Argentina,,,2,2
1968,42,Greece,Greece,,,1,1
1972,1,Soviet Union,Russia,50,27,22,99
1972,2,United States,United States,33,31,30,94
1972,3,East Germany,Germany,20,23,23,66
1972,4,West Germany,Germany,13,11,16,40
1972,5,Japan,Japan,13,8,8,29
1972,6,Australia,Australia,8,7,2,17
1972,7,Poland,Poland,7,5,9,21
1972,8,Hungary,Hungary,6,13,16,35
1972,9,Bulgaria,Bulgaria,6,10,5,21
1972,10,Italy,Italy,5,3,10,18
1972,11,Sweden,Sweden,4,6,6,16
1972,12,Great Britain,Great Britain,4,5,9,18
1972,13,Romania,Romania,3,6,7,16
1972,14,Cuba,Cuba,3,1,4,8
1972,16,Netherlands,Netherlands,3,1,1,5
1972,17,France,France,2,4,7,13
1972,18,Czechoslovakia,Czech Republic,2,4,2,8
1972,19,Kenya,Kenya,2,3,4,9
1972,20,Yugoslavia,Serbia,2,1,2,5
1972,21,Norway,Norway,2,1,1,4
1972,22,North Korea,North Korea,1,1,3,5
1972,23,New Zealand,New Zealand,1,1,1,3
1972,24,Uganda,Uganda,1,1,,2
1972,25,Denmark,Denmark,1,,,1
1972,26,Switzerland,Switzerland,,3,,3
1972,27,Canada,Canada,,2,3,5
1972,28,Iran,Iran,,2,1,3
1972,29,Belgium,Belgium,,2,,2
1972,31,Austria,Austria,,1,2,3
1972,33,Argentina,Argentina,,1,,1
1972,41,Brazil,Brazil,,,2,2
1972,43,Ghana,Ghana,,,1,1
1976,1,Soviet Union,Russia,49,41,35,125
1976,2,East Germany,Germany,40,25,25,90
1976,3,United States,United States,34,35,25,94
1976,4,West Germany,Germany,10,12,17,39
1976,5,Japan,Japan,9,6,10,25
1976,6,Poland,Poland,7,6,13,26
1976,7,Bulgaria,Bulgaria,6,9,7,22
1976,8,Cuba,Cuba,6,4,3,13
1976,9,Romania,Romania,4,9,14,27
1976,10,Hungary,Hungary,4,5,13,22
1976,11,Finland,Finland,4,2,,6
1976,12,Sweden,Sweden,4,1,,5
1976,13,Great Britain,Great Britain,3,5,5,13
1976,14,Italy,Italy,2,7,4,13
1976,15,France,France,2,3,4,9
1976,16,Yugoslavia,Serbia,2,3,3,8
1976,17,Czechoslovakia,Czech Republic,2,2,4,8
1976,18,New Zealand,New Zealand,2,1,1,4
1976,19,South Korea,South Korea,1,1,4,6
1976,20,Switzerland,Switzerland,1,1,2,4
1976,21,Jamaica,Jamaica,1,1,,2
1976,24,Denmark,Denmark,1,,2,3
1976,25,Mexico,Mexico,1,,1,2
1976,26,Trinidad and Tobago,Trinidad and Tobago,1,,,1
1976,27,Canada,Canada,,5,6,11
1976,28,Belgium,Belgium,,3,3,6
1976,29,Netherlands,Netherlands,,2,3,5
1976,30,Portugal,Portugal,,2,,2
1976,32,Australia,Australia,,1,4,5
1976,33,Iran,Iran,,1,1,2
1976,34,Mongolia,Mongolia,,1,,1
1976,36,Brazil,Brazil,,,2,2
1976,37,Austria,Austria,,,1,1
1980,1,Soviet Union,Russia,80,69,46,195
1980,2,East Germany,Germany,47,37,42,126
1980,3,Bulgaria,Bulgaria,8,16,17,41
1980,4,Cuba,Cuba,8,7,5,20
1980,5,Italy,Italy,8,3,4,15
1980,6,Hungary,Hungary,7,10,15,32
1980,7,Romania,Romania,6,6,13,25
1980,8,France,France,6,5,3,14
1980,9,Great Britain,Great Britain,5,7,9,21
1980,10,Poland,Poland,3,14,15,32
1980,11,Sweden,Sweden,3,3,6,12
1980,12,Finland,Finland,3,1,4,8
1980,13,Czechoslovakia,Czech Republic,2,3,9,14
1980,14,Yugoslavia,Serbia,2,3,4,9
1980,15,Australia,Australia,2,2,5,9
1980,16,Denmark,Denmark,2,1,2,5
1980,17,Brazil,Brazil,2,,2,4
1980,18,Ethiopia,Ethiopia,2,,2,4
1980,19,Switzerland,Switzerland,2,,,2
1980,20,Spain,Spain,1,3,2,6
1980,21,Austria,Austria,1,2,1,4
1980,22,Greece,Greece,1,,2,3
1980,23,Belgium,Belgium,1,,,1
1980,24,India,India,1,,,1
1980,25,Zimbabwe,Zimbabwe,1,,,1
1980,26,North Korea,North Korea,,3,2,5
1980,27,Mongolia,Mongolia,,2,2,4
1980,28,Tanzania,Tanzania,,2,,2
1980,29,Mexico,Mexico,,1,3,4
1980,30,Netherlands,Netherlands,,1,2,3
1980,31,Ireland,Ireland,,1,1,2
1980,32,Uganda,Uganda,,1,,1
1980,33,Venezuela,Venezuela,,1,,1
1980,34,Jamaica,Jamaica,,,3,3
1980,35,Guyana,Guyana,,,1,1
1980,36,Lebanon,Lebanon,,,1,1
1984,1,United States,United States,83,61,30,174
1984,2,Romania,Romania,20,16,17,53
1984,3,West Germany,Germany,17,19,23,59
1984,4,China,China,15,8,9,32
1984,5,Italy,Italy,14,6,12,32
1984,6,Canada,Canada,10,18,16,44
1984,7,Japan,Japan,10,8,14,32
1984,8,New Zealand,New Zealand,8,1,2,11
1984,9,Yugoslavia,Serbia,7,4,7,18
1984,10,South Korea,South Korea,6,6,7,19
1984,11,Great Britain,Great Britain,5,11,21,37
1984,12,France,France,5,7,16,28
1984,13,Netherlands,Netherlands,5,2,6,13
1984,14,Australia,Australia,4,8,12,24
1984,15,Finland,Finland,4,2,6,12
1984,16,Sweden,Sweden,2,11,6,19
1984,17,Mexico,Mexico,2,3,1,6
1984,18,Morocco,Morocco,2,,,2
1984,19,Brazil,Brazil,1,5,2,8
1984,20,Spain,Spain,1,2,2,5
1984,21,Belgium,Belgium,1,1,2,4
1984,22,Austria,Austria,1,1,1,3
1984,23,Kenya,Kenya,1,,2,3
1984,25,Pakistan,Pakistan,1,,,1
1984,26,Switzerland,Switzerland,,4,4,8
1984,27,Denmark,Denmark,,3,3,6
1984,28,Jamaica,Jamaica,,1,2,3
1984,30,Greece,Greece,,1,1,2
1984,33,Colombia,Colombia,,1,,1
1984,40,Turkey,Turkey,,,3,3
1984,42,Algeria,Algeria,,,2,2
1984,43,Cameroon,Cameroon,,,1,1
1988,1,Soviet Union,Russia,55,31,46,132
1988,2,East Germany,Germany,37,35,30,102
1988,3,United States,United States,36,31,27,94
1988,4,South Korea,South Korea,12,10,11,33
1988,5,West Germany,Germany,11,14,15,40
1988,6,Hungary,Hungary,11,6,6,23
1988,7,Bulgaria,Bulgaria,10,12,13,35
1988,8,Romania,Romania,7,11,6,24
1988,9,France,France,6,4,6,16
1988,10,Italy,Italy,6,4,4,14
1988,11,China,China,5,11,12,28
1988,12,Great Britain,Great Britain,5,10,9,24
1988,13,Kenya,Kenya,5,2,2,9
1988,14,Japan,Japan,4,3,7,14
1988,15,Australia,Australia,3,6,5,14
1988,16,Yugoslavia,Serbia,3,4,5,12
1988,17,Czechoslovakia,Czech Republic,3,3,2,8
1988,18,New Zealand,New Zealand,3,2,8,13
1988,19,Canada,Canada,3,2,5,10
1988,20,Poland,Poland,2,5,9,16
1988,21,Norway,Norway,2,3,,5
1988,22,Netherlands,Netherlands,2,2,5,9
1988,23,Denmark,Denmark,2,1,1,4
1988,24,Brazil,Brazil,1,2,3,6
1988,25,Finland,Finland,1,1,2,4
1988,25,Spain,Spain,1,1,2,4
1988,27,Turkey,Turkey,1,1,,2
1988,28,Morocco,Morocco,1,,2,3
1988,29,Austria,Austria,1,,,1
1988,29,Portugal,Portugal,1,,,1
1988,29,Suriname,Suriname,1,,,1
1988,32,Sweden,Sweden,,4,7,11
1988,33,Switzerland,Switzerland,,2,2,4
1988,34,Jamaica,Jamaica,,2,,2
1988,35,Argentina,Argentina,,1,1,2
1988,36,Chile,Chile,,1,,1
1988,36,Costa Rica,Costa Rica,,1,,1
1988,36,Indonesia,Indonesia,,1,,1
1988,36,Iran,Iran,,1,,1
1988,36,Netherlands Antilles,Netherlands Antilles,,1,,1
1988,36,Peru,Peru,,1,,1
1988,36,Senegal,Senegal,,1,,1
1988,36,Virgin Islands,Virgin Islands,,1,,1
1988,44,Belgium,Belgium,,,2,2
1988,44,Mexico,Mexico,,,2,2
1988,46,Colombia,Colombia,,,1,1
1988,46,Djibouti,Djibouti,,,1,1
1988,46,Greece,Greece,,,1,1
1988,46,Mongolia,Mongolia,,,1,1
1988,46,Pakistan,Pakistan,,,1,1
1988,46,Philippines,Philippines,,,1,1
1988,46,Thailand,Thailand,,,1,1
1992,1,Unified Team,Russia,45,38,29,112
1992,2,United States,United States,37,34,37,108
1992,3,Germany,Germany,33,21,28,82
1992,4,China,China,16,22,16,54
1992,5,Cuba,Cuba,14,6,11,31
1992,6,Spain,Spain,13,7,2,22
1992,7,South Korea,South Korea,12,5,12,29
1992,8,Hungary,Hungary,11,12,7,30
1992,9,France,France,8,5,16,29
1992,10,Australia,Australia,7,9,11,27
1992,11,Canada,Canada,7,4,7,18
1992,12,Italy,Italy,6,5,8,19
1992,13,Great Britain,Great Britain,5,3,12,20
1992,14,Romania,Romania,4,6,8,18
1992,15,Czechoslovakia,Czech Republic,4,2,1,7
1992,16,North Korea,North Korea,4,,5,9
1992,17,Japan,Japan,3,8,11,22
1992,18,Bulgaria,Bulgaria,3,7,6,16
1992,19,Poland,Poland,3,6,10,19
1992,20,Netherlands,Netherlands,2,6,7,15
1992,21,Kenya,Kenya,2,4,2,8
1992,22,Norway,Norway,2,4,1,7
1992,23,Turkey,Turkey,2,2,2,6
1992,24,Indonesia,Indonesia,2,2,1,5
1992,25,Brazil,Brazil,2,1,,3
1992,26,Greece,Greece,2,,,2
1992,27,Sweden,Sweden,1,7,4,12
1992,28,New Zealand,New Zealand,1,4,5,10
1992,29,Finland,Finland,1,2,2,5
1992,30,Denmark,Denmark,1,1,4,6
1992,31,Morocco,Morocco,1,1,1,3
1992,32,Ireland,Ireland,1,1,,2
1992,33,Ethiopia,Ethiopia,1,,2,3
1992,34,Algeria,Algeria,1,,1,2
1992,34,Estonia,Estonia,1,,1,2
1992,34,Lithuania,Lithuania,1,,1,2
1992,37,Switzerland,Switzerland,1,,,1
1992,38,Jamaica,Jamaica,,3,1,4
1992,38,Nigeria,Nigeria,,3,1,4
1992,40,Latvia,Latvia,,2,1,3
1992,41,Austria,Austria,,2,,2
1992,41,Namibia,Namibia,,2,,2
1992,41,South Africa,South Africa,,2,,2
1992,44,Belgium,Belgium,,1,2,3
1992,44,Croatia,Croatia,,1,2,3
1992,44,Independent Olympic Participants,Independent Olympic Participants,,1,2,3
1992,44,Iran,Iran,,1,2,3
1992,48,Israel,Israel,,1,1,2
1992,49,Chinese Taipei,Chinese Taipei,,1,,1
1992,49,Mexico,Mexico,,1,,1
1992,49,Peru,Peru,,1,,1
1992,52,Mongolia,Mongolia,,,2,2
1992,52,Slovenia,Slovenia,,,2,2
1992,54,Argentina,Argentina,,,1,1
1992,54,Bahamas,Bahamas,,,1,1
1992,54,Colombia,Colombia,,,1,1
1992,54,Ghana,Ghana,,,1,1
1992,54,Malaysia,Malaysia,,,1,1
1992,54,Pakistan,Pakistan,,,1,1
1992,54,Philippines,Philippines,,,1,1
1992,54,Puerto Rico,Puerto Rico,,,1,1
1992,54,Qatar,Qatar,,,1,1
1992,54,Suriname,Suriname,,,1,1
1992,54,Thailand,Thailand,,,1,1
1996,1,United States,United States,44,32,25,101
1996,2,Russia,Russia,26,21,16,63
1996,3,Germany,Germany,20,18,27,65
1996,4,China,China,16,22,12,50
1996,5,France,France,15,7,15,37
1996,6,Italy,Italy,13,10,12,35
1996,7,Australia,Australia,9,9,23,41
1996,8,Cuba,Cuba,9,8,8,25
1996,9,Ukraine,Ukraine,9,2,12,23
1996,10,South Korea,South Korea,7,15,5,27
1996,11,Poland,Poland,7,5,5,17
1996,12,Hungary,Hungary,7,4,10,21
1996,13,Spain,Spain,5,6,6,17
1996,14,Romania,Romania,4,7,9,20
1996,15,Netherlands,Netherlands,4,5,10,19
1996,16,Greece,Greece,4,4,,8
1996,17,Czech Republic,Czech Republic,4,3,4,11
1996,18,Switzerland,Switzerland,4,3,,7
1996,19,Denmark,Denmark,4,1,1,6
1996,19,Turkey,Turkey,4,1,1,6
1996,21,Canada,Canada,3,11,8,22
1996,22,Bulgaria,Bulgaria,3,7,5,15
1996,23,Japan,Japan,3,6,5,14
1996,24,Kazakhstan,Kazakhstan,3,4,4,11
1996,25,Brazil,Brazil,3,3,9,15
1996,26,New Zealand,New Zealand,3,2,1,6
1996,27,South Africa,South Africa,3,1,1,5
1996,28,Ireland,Ireland,3,,1,4
1996,29,Sweden,Sweden,2,4,2,8
1996,30,Norway,Norway,2,2,3,7
1996,31,Belgium,Belgium,2,2,2,6
1996,32,Nigeria,Nigeria,2,1,3,6
1996,33,North Korea,North Korea,2,1,2,5
1996,34,Algeria,Algeria,2,,1,3
1996,34,Ethiopia,Ethiopia,2,,1,3
1996,36,Great Britain,Great Britain,1,8,6,15
1996,37,Belarus,Belarus,1,6,8,15
1996,38,Kenya,Kenya,1,4,3,8
1996,39,Jamaica,Jamaica,1,3,2,6
1996,40,Finland,Finland,1,2,1,4
1996,41,Indonesia,Indonesia,1,1,2,4
1996,41,Yugoslavia,Serbia,1,1,2,4
1996,43,Iran,Iran,1,1,1,3
1996,43,Slovakia,Slovakia,1,1,1,3
1996,45,Armenia,Armenia,1,1,,2
1996,45,Croatia,Croatia,1,1,,2
1996,47,Portugal,Portugal,1,,1,2
1996,47,Thailand,Thailand,1,,1,2
1996,49,Burundi,Burundi,1,,,1
1996,49,Costa Rica,Costa Rica,1,,,1
1996,49,Ecuador,Ecuador,1,,,1
1996,49,Hong Kong,Hong Kong,1,,,1
1996,49,Syria,Syria,1,,,1
1996,54,Argentina,Argentina,,2,1,3
1996,55,Namibia,Namibia,,2,,2
1996,55,Slovenia,Slovenia,,2,,2
1996,57,Austria,Austria,,1,2,3
1996,58,Malaysia,Malaysia,,1,1,2
1996,58,Moldova,Moldova,,1,1,2
1996,58,Uzbekistan,Uzbekistan,,1,1,2
1996,61,Azerbaijan,Azerbaijan,,1,,1
1996,61,Bahamas,Bahamas,,1,,1
1996,61,Chinese Taipei,Chinese Taipei,,1,,1
1996,61,Latvia,Latvia,,1,,1
1996,61,Philippines,Philippines,,1,,1
1996,61,Tonga,Tonga,,1,,1
1996,61,Zambia,Zambia,,1,,1
1996,68,Georgia,Georgia,,,2,2
1996,68,Morocco,Morocco,,,2,2
1996,68,Trinidad and Tobago,Trinidad and Tobago,,,2,2
1996,71,India,India,,,1,1
1996,71,Israel,Israel,,,1,1
1996,71,Lithuania,Lithuania,,,1,1
1996,71,Mexico,Mexico,,,1,1
1996,71,Mongolia,Mongolia,,,1,1
1996,71,Mozambique,Mozambique,,,1,1
1996,71,Puerto Rico,Puerto Rico,,,1,1
1996,71,Tunisia,Tunisia,,,1,1
1996,71,Uganda,Uganda,,,1,1
2000,1,United States,United States,37,24,32,93
2000,2,Russia,Russia,32,28,29,89
2000,3,China,China,28,16,14,58
2000,4,Australia,Australia,16,25,17,58
2000,5,Germany,Germany,13,17,26,56
2000,6,France,France,13,14,11,38
2000,7,Italy,Italy,13,8,13,34
2000,8,Netherlands,Netherlands,12,9,4,25
2000,9,Cuba,Cuba,11,11,7,29
2000,10,Great Britain,Great Britain,11,10,7,28
2000,11,Romania,Romania,11,6,9,26
2000,12,South Korea,South Korea,8,10,10,28
2000,13,Hungary,Hungary,8,6,3,17
2000,14,Poland,Poland,6,5,3,14
2000,15,Japan,Japan,5,8,5,18
2000,16,Bulgaria,Bulgaria,5,6,2,13
2000,17,Greece,Greece,4,6,3,13
2000,18,Sweden,Sweden,4,5,3,12
2000,19,Norway,Norway,4,3,3,10
2000,20,Ethiopia,Ethiopia,4,1,3,8
2000,21,Ukraine,Ukraine,3,10,10,23
2000,22,Kazakhstan,Kazakhstan,3,4,,7
2000,23,Belarus,Belarus,3,3,11,17
2000,24,Canada,Canada,3,3,8,14
2000,25,Spain,Spain,3,3,5,11
2000,26,Turkey,Turkey,3,,2,5
2000,27,Iran,Iran,3,,1,4
2000,28,Czech Republic,Czech Republic,2,3,3,8
2000,29,Kenya,Kenya,2,3,2,7
2000,30,Denmark,Denmark,2,3,1,6
2000,31,Finland,Finland,2,1,1,4
2000,32,Austria,Austria,2,1,,3
2000,33,Lithuania,Lithuania,2,,3,5
2000,34,Azerbaijan,Azerbaijan,2,,1,3
2000,34,Bahamas,Bahamas,2,,1,3
2000,36,Slovenia,Slovenia,2,,,2
2000,37,Switzerland,Switzerland,1,6,2,9
2000,38,Indonesia,Indonesia,1,3,2,6
2000,39,Slovakia,Slovakia,1,3,1,5
2000,40,Mexico,Mexico,1,2,3,6
2000,41,Nigeria,Nigeria,1,2,,3
2000,42,Algeria,Algeria,1,1,3,5
2000,43,Uzbekistan,Uzbekistan,1,1,2,4
2000,44,Latvia,Latvia,1,1,1,3
2000,44,Yugoslavia,Serbia,1,1,1,3
2000,46,New Zealand,New Zealand,1,,3,4
2000,47,Estonia,Estonia,1,,2,3
2000,47,Thailand,Thailand,1,,2,3
2000,49,Croatia,Croatia,1,,1,2
2000,50,Cameroon,Cameroon,1,,,1
2000,50,Colombia,Colombia,1,,,1
2000,50,Mozambique,Mozambique,1,,,1
2000,53,Brazil,Brazil,,6,6,12
2000,54,Jamaica,Jamaica,,6,3,9
2000,55,Belgium,Belgium,,2,3,5
2000,55,South Africa,South Africa,,2,3,5
2000,57,Argentina,Argentina,,2,2,4
2000,58,Chinese Taipei,Chinese Taipei,,1,4,5
2000,58,Morocco,Morocco,,1,4,5
2000,60,North Korea,North Korea,,1,3,4
2000,61,Moldova,Moldova,,1,1,2
2000,61,Saudi Arabia,Saudi Arabia,,1,1,2
2000,61,Trinidad and Tobago,Trinidad and Tobago,,1,1,2
2000,64,Ireland,Ireland,,1,,1
2000,64,Sri Lanka,Sri Lanka,,1,,1
2000,64,Uruguay,Uruguay,,1,,1
2000,64,Vietnam,Vietnam,,1,,1
2000,68,Georgia,Georgia,,,6,6
2000,69,Costa Rica,Costa Rica,,,2,2
2000,69,Portugal,Portugal,,,2,2
2000,71,Armenia,Armenia,,,1,1
2000,71,Barbados,Barbados,,,1,1
2000,71,Chile,Chile,,,1,1
2000,71,Iceland,Iceland,,,1,1
2000,71,India,India,,,1,1
2000,71,Israel,Israel,,,1,1
2000,71,Kuwait,Kuwait,,,1,1
2000,71,Kyrgyzstan,Kyrgyzstan,,,1,1
2000,71,Macedonia,Macedonia,,,1,1
2000,71,Qatar,Qatar,,,1,1
2004,1,United States,United States,36,39,26,101
2004,2,China,China,32,17,14,63
2004,3,Russia,Russia,28,26,36,90
2004,4,Australia,Australia,17,16,17,50
2004,5,Japan,Japan,16,9,12,37
2004,6,Germany,Germany,13,16,20,49
2004,7,France,France,11,9,13,33
2004,8,Italy,Italy,10,11,11,32
2004,9,South Korea,South Korea,9,12,9,30
2004,10,Great Britain,Great Britain,9,9,12,30
2004,11,Cuba,Cuba,9,7,11,27
2004,12,Hungary,Hungary,8,6,3,17
2004,13,Ukraine,Ukraine,8,5,9,22
2004,14,Romania,Romania,8,5,6,19
2004,15,Greece,Greece,6,6,4,16
2004,16,Brazil,Brazil,5,2,3,10
2004,17,Norway,Norway,5,,1,6
2004,18,Netherlands,Netherlands,4,9,9,22
2004,19,Sweden,Sweden,4,2,1,7
2004,20,Spain,Spain,3,11,6,20
2004,21,Canada,Canada,3,6,3,12
2004,22,Turkey,Turkey,3,3,5,11
2004,23,Poland,Poland,3,2,5,10
2004,24,New Zealand,New Zealand,3,2,,5
2004,25,Thailand,Thailand,3,1,4,8
2004,26,Belarus,Belarus,2,5,6,13
2004,27,Austria,Austria,2,4,1,7
2004,28,Ethiopia,Ethiopia,2,3,2,7
2004,29,Iran,Iran,2,2,2,6
2004,29,Slovakia,Slovakia,2,2,2,6
2004,31,Chinese Taipei,Chinese Taipei,2,2,1,5
2004,32,Georgia,Georgia,2,2,,4
2004,33,Bulgaria,Bulgaria,2,1,9,12
2004,34,Denmark,Denmark,2,1,5,8
2004,35,Jamaica,Jamaica,2,1,2,5
2004,36,Uzbekistan,Uzbekistan,2,1,2,5
2004,37,Morocco,Morocco,2,1,,3
2004,38,Argentina,Argentina,2,,4,6
2004,39,Chile,Chile,2,,1,3
2004,40,Kazakhstan,Kazakhstan,1,4,3,8
2004,41,Kenya,Kenya,1,4,2,7
2004,42,Czech Republic,Czech Republic,1,3,5,9
2004,43,South Africa,South Africa,1,3,2,6
2004,44,Croatia,Croatia,1,2,2,5
2004,45,Lithuania,Lithuania,1,2,,3
2004,46,Egypt,Egypt,1,1,3,5
2004,46,Switzerland,Switzerland,1,1,3,5
2004,48,Indonesia,Indonesia,1,1,2,4
2004,49,Zimbabwe,Zimbabwe,1,1,1,3
2004,50,Azerbaijan,Azerbaijan,1,,4,5
2004,51,Belgium,Belgium,1,,2,3
2004,52,Bahamas,Bahamas,1,,1,2
2004,52,Israel,Israel,1,,1,2
2004,54,Cameroon,Cameroon,1,,,1
2004,54,Dominican Republic,Dominican Republic,1,,,1
2004,54,United Arab Emirates,United Arab Emirates,1,,,1
2004,57,North Korea,North Korea,,4,1,5
2004,58,Latvia,Latvia,,4,,4
2004,59,Mexico,Mexico,,3,1,4
2004,60,Portugal,Portugal,,2,1,3
2004,61,Finland,Finland,,2,,2
2004,61,Serbia and Montenegro,Serbia,,2,,2
2004,63,Slovenia,Slovenia,,1,3,4
2004,64,Estonia,Estonia,,1,2,3
2004,65,Hong Kong,Hong Kong,,1,,1
2004,65,India,India,,1,,1
2004,65,Paraguay,Paraguay,,1,,1
2004,68,Colombia,Colombia,,,2,2
2004,68,Nigeria,Nigeria,,,2,2
2004,68,Venezuela,Venezuela,,,2,2
2004,71,Eritrea,Eritrea,,,1,1
2004,71,Mongolia,Mongolia,,,1,1
2004,71,Syria,Syria,,,1,1
2004,71,Trinidad and Tobago,Trinidad and Tobago,,,1,1
2008,1,China,China,51,21,28,100
2008,2,United States,United States,36,38,36,110
2008,3,Russia,Russia,23,21,29,73
2008,4,Great Britain,Great Britain,19,13,15,47
2008,5,Germany,Germany,16,10,15,41
2008,6,Australia,Australia,14,15,17,46
2008,7,South Korea,South Korea,13,10,8,31
2008,8,Japan,Japan,9,6,10,25
2008,9,Italy,Italy,8,9,10,27
2008,10,France,France,7,16,18,41
2008,11,Ukraine,Ukraine,7,5,15,27
2008,12,Netherlands,Netherlands,7,5,4,16
2008,13,Kenya,Kenya,6,4,4,14
2008,14,Jamaica,Jamaica,6,3,2,11
2008,15,Spain,Spain,5,10,3,18
2008,16,Belarus,Belarus,4,5,9,18
2008,17,Romania,Romania,4,1,3,8
2008,18,Ethiopia,Ethiopia,4,1,2,7
2008,19,Canada,Canada,3,9,7,19
2008,20,Poland,Poland,3,6,1,10
2008,21,Hungary,Hungary,3,5,2,10
2008,22,Norway,Norway,3,5,1,9
2008,23,Brazil,Brazil,3,4,8,15
2008,24,Czech Republic,Czech Republic,3,3,,6
2008,25,New Zealand,New Zealand,3,2,4,9
2008,26,Slovakia,Slovakia,3,2,1,6
2008,27,Georgia,Georgia,3,,3,6
2008,28,Cuba,Cuba,2,11,11,24
2008,29,Kazakhstan,Kazakhstan,2,4,7,13
2008,30,Denmark,Denmark,2,2,3,7
2008,31,Mongolia,Mongolia,2,2,,4
2008,33,Switzerland,Switzerland,2,1,4,7
2008,34,North Korea,North Korea,2,1,3,6
2008,35,Argentina,Argentina,2,,4,6
2008,36,Mexico,Mexico,2,,1,3
2008,37,Zimbabwe,Zimbabwe,1,3,,4
2008,38,Azerbaijan,Azerbaijan,1,2,4,7
2008,39,Turkey,Turkey,1,2,3,6
2008,41,Slovenia,Slovenia,1,2,2,5
2008,42,Bulgaria,Bulgaria,1,1,3,5
2008,44,Finland,Finland,1,1,2,4
2008,45,Latvia,Latvia,1,1,1,3
2008,46,Belgium,Belgium,1,1,,2
2008,50,India,India,1,,2,3
2008,51,Iran,Iran,1,,1,2
2008,52,Cameroon,Cameroon,1,,,1
2008,55,Sweden,Sweden,,4,1,5
2008,56,Croatia,Croatia,,2,3,5
2008,58,Greece,Greece,,2,2,4
2008,59,Trinidad and Tobago,Trinidad and Tobago,,2,,2
2008,60,Nigeria,Nigeria,,1,3,4
2008,61,Austria,Austria,,1,2,3
2008,64,Algeria,Algeria,,1,1,2
2008,70,Chile,Chile,,1,,1
2008,78,Armenia,Armenia,,,6,6
2008,79,Chinese Taipei,Chinese Taipei,,,4,4
2008,80,Afghanistan,Afghanistan,,,1,1
2012,1,United States,United States,46,28,29,103
2012,2,China,China,38,29,21,88
2012,3,Great Britain,Great Britain,29,17,19,65
2012,4,Russia,Russia,22,25,32,79
2012,5,South Korea,South Korea,13,8,7,28
2012,6,Germany,Germany,11,19,14,44
2012,7,France,France,11,11,12,34
2012,8,Australia,Australia,8,17,12,37
2012,9,Italy,Italy,8,9,11,28
2012,10,Hungary,Hungary,8,4,6,18
2012,11,Japan,Japan,7,14,17,38
2012,12,Kazakhstan,Kazakhstan,7,1,5,13
2012,13,Netherlands,Netherlands,6,6,8,20
2012,14,Ukraine,Ukraine,6,5,8,19
2012,15,New Zealand,New Zealand,6,2,5,13
2012,16,Cuba,Cuba,5,3,7,15
2012,17,Iran,Iran,4,5,3,12
2012,18,Jamaica,Jamaica,4,4,4,12
2012,19,Czech Republic,Czech Republic,4,3,3,10
2012,20,North Korea,North Korea,4,,2,6
2012,21,Spain,Spain,3,10,4,17
2012,22,Brazil,Brazil,3,5,9,17
2012,23,South Africa,South Africa,3,2,1,6
2012,24,Ethiopia,Ethiopia,3,1,3,7
2012,25,Croatia,Croatia,3,1,2,6
2012,26,Belarus,Belarus,2,5,5,12
2012,27,Romania,Romania,2,5,2,9
2012,28,Kenya,Kenya,2,4,5,11
2012,29,Denmark,Denmark,2,4,3,9
2012,30,Azerbaijan,Azerbaijan,2,2,6,10
2012,32,Switzerland,Switzerland,2,2,,4
2012,33,Lithuania,Lithuania,2,1,2,5
2012,34,Norway,Norway,2,1,1,4
2012,35,Tunisia,Tunisia,2,,1,3
2012,36,Canada,Canada,1,5,12,18
2012,37,Sweden,Sweden,1,4,3,8
2012,38,Colombia,Colombia,1,3,4,8
2012,39,Georgia,Georgia,1,3,3,7
2012,41,Turkey,Turkey,1,2,1,4
2012,42,Ireland,Ireland,1,1,4,6
2012,43,Argentina,Argentina,1,1,2,4
2012,46,Dominican Republic,Dominican Republic,1,1,,2
2012,47,Trinidad and Tobago,Trinidad and Tobago,1,,3,4
2012,48,Uzbekistan,Uzbekistan,1,,2,3
2012,49,Latvia,Latvia,1,,1,2
2012,50,Algeria,Algeria,1,,,1
2012,55,India,India,,2,4,6
2012,56,Mongolia,Mongolia,,2,3,5
2012,57,Thailand,Thailand,,2,2,4
2012,58,Egypt,Egypt,,2,,2
2012,59,Slovakia,Slovakia,,1,3,4
2012,60,Armenia,Armenia,,1,2,3
2012,63,Bulgaria,Bulgaria,,1,1,2
2012,69,Botswana,Botswana,,1,,1
2012,75,Greece,Greece,,,2,2
2012,79,Afghanistan,Afghanistan,,,1,1
